City_ID,City,Country,Lat,Lng,Max Temp,Humidity,Cloudiness,Wind Speed,Current Description
0,Along,IN,28.1667,94.7667,58.17,52,94,1.23,overcast clouds
1,Boa Vista,BR,2.8197,-60.6733,77.0,83,75,10.36,broken clouds
2,Nyurba,RU,63.2842,118.3319,-45.94,76,54,5.61,broken clouds
3,Albany,US,42.6001,-73.9662,15.01,53,0,8.01,clear sky
4,Port Alfred,ZA,-33.5906,26.891,66.99,95,94,7.0,light rain
5,Mataura,NZ,-46.1927,168.8643,60.01,78,100,21.99,overcast clouds
6,Arraial Do Cabo,BR,-22.9661,-42.0278,74.75,87,100,16.08,overcast clouds
7,Avarua,CK,-21.2078,-159.775,86.0,66,20,12.66,few clouds
8,Sexsmith,CA,55.35,-118.786,6.8,92,90,4.61,light snow
9,Roald,NO,62.5833,6.1333,39.2,60,40,8.05,scattered clouds
10,Busselton,AU,-33.65,115.3333,73.99,57,43,5.01,scattered clouds
11,Sioux Lookout,CA,50.1001,-91.917,17.6,86,90,6.91,light snow
12,Yamada,JP,39.4667,141.95,38.44,75,100,3.42,overcast clouds
13,Vostok,RU,46.4856,135.8833,21.67,90,0,4.41,clear sky
14,Rikitea,PF,-23.1203,-134.9692,79.54,65,0,7.52,clear sky
15,Yerbogachen,RU,61.2767,108.0108,-36.53,80,100,1.74,overcast clouds
16,Grand Baie,MU,-20.0182,57.5802,84.0,69,3,4.0,clear sky
17,Jamestown,US,42.097,-79.2353,17.6,86,90,4.61,light snow
18,Vesoul,FR,47.5833,5.8333,33.8,86,90,9.22,overcast clouds
19,Rawson,AR,-43.3002,-65.1023,65.39,62,70,12.91,broken clouds
20,Ahipara,NZ,-35.1667,173.1667,70.29,70,6,11.14,clear sky
21,Grand-Lahou,CI,5.1367,-5.0242,77.59,90,42,9.91,scattered clouds
22,Nikolskoye,RU,59.7035,30.7861,34.0,93,90,8.95,light snow
23,Sakete,BJ,6.7362,2.6587,73.35,93,92,4.56,overcast clouds
24,Ligayan,PH,4.6533,119.4706,81.54,74,36,5.95,scattered clouds
25,Zhigansk,RU,66.7697,123.3711,-51.75,74,53,4.43,broken clouds
26,Torbay,CA,47.6666,-52.7314,24.01,80,20,16.11,few clouds
27,Cape Town,ZA,-33.9258,18.4232,64.99,67,20,13.8,few clouds
28,Chicama,PE,-7.8447,-79.1469,69.8,88,40,8.05,light rain
29,Airai,TL,-8.9266,125.4092,72.97,78,89,4.07,moderate rain
30,Progreso,MX,21.2833,-89.6667,75.2,83,40,9.22,scattered clouds
31,Saint-Philippe,RE,-21.3585,55.7679,86.0,62,75,4.61,broken clouds
32,Aswan,EG,24.0934,32.907,52.92,40,0,9.84,clear sky
33,Ilulissat,GL,69.2167,-51.1,15.8,48,30,16.11,scattered clouds
34,Souillac,MU,-20.5167,57.5167,78.8,83,40,6.46,scattered clouds
35,New Norfolk,AU,-42.7826,147.0587,89.01,18,100,1.99,overcast clouds
36,Longyearbyen,SJ,78.2186,15.6401,12.2,73,75,11.5,broken clouds
37,Palmer,US,42.1584,-72.3287,17.01,60,0,3.0,clear sky
38,Ginir,ET,7.1333,40.7,56.32,63,57,2.21,broken clouds
39,Ossora,RU,59.2353,163.0719,-3.78,86,0,4.43,clear sky
40,Vaini,TO,-21.2,-175.2,82.4,83,75,5.75,moderate rain
41,Poum,NC,-20.2333,164.0167,82.81,77,72,21.07,light rain
42,Kudahuvadhoo,MV,2.6708,72.8944,83.37,66,81,7.72,broken clouds
43,Yellowknife,CA,62.456,-114.3525,-31.0,75,20,4.61,few clouds
44,Maniitsoq,GL,65.4167,-52.9,16.75,76,0,4.83,clear sky
45,Viransehir,TR,37.2353,39.7631,34.57,73,59,6.76,broken clouds
46,Kapaa,US,22.0752,-159.319,73.4,88,75,17.27,light rain
47,Varhaug,NO,58.6147,5.6457,30.2,86,0,8.05,clear sky
48,Saint George,US,37.1041,-113.5841,44.01,70,75,3.44,broken clouds
49,Atuona,PF,-9.8,-139.0333,78.15,80,9,17.83,clear sky
50,Yeppoon,AU,-23.1333,150.7333,80.6,69,40,11.5,scattered clouds
51,Ribeira Grande,PT,38.5167,-28.7,62.6,87,64,25.95,broken clouds
52,Cap Malheureux,MU,-19.9842,57.6142,84.0,69,3,4.0,clear sky
53,Puerto Ayacucho,VE,5.6639,-67.6236,75.72,88,100,1.07,overcast clouds
54,Punta Arenas,CL,-53.15,-70.9167,51.8,62,75,16.11,light rain
55,Mount Gambier,AU,-37.8333,140.7667,104.0,9,100,13.8,overcast clouds
56,Butaritari,KI,3.0707,172.7902,79.95,78,68,8.66,broken clouds
57,Port Elizabeth,ZA,-33.918,25.5701,68.0,83,0,20.71,clear sky
58,Kaitangata,NZ,-46.2817,169.8464,61.0,63,93,17.0,overcast clouds
59,Bluff,NZ,-46.6,168.3333,60.01,78,92,21.99,overcast clouds
60,La Asuncion,VE,11.0333,-63.8628,75.65,87,0,11.99,clear sky
61,Karasjok,NO,69.4719,25.5112,5.0,78,90,8.05,light snow
62,Nalut,LY,30.3333,10.85,45.54,60,0,5.68,clear sky
63,Calama,CL,-22.4667,-68.9333,53.6,30,0,8.05,clear sky
64,Morrope,PE,-6.5417,-80.0111,73.0,78,89,1.01,overcast clouds
65,Negombo,LK,7.2083,79.8358,82.4,65,0,8.05,clear sky
66,Mehamn,NO,71.0357,27.8492,18.75,92,99,24.34,overcast clouds
67,Gat,IL,31.61,34.7642,48.0,65,0,2.3,clear sky
68,Tezu,IN,27.9167,96.1667,71.13,34,70,3.04,broken clouds
69,Ushuaia,AR,-54.8,-68.3,57.2,44,40,23.02,light rain
70,Mbandaka,CD,0.0487,18.2603,72.7,88,76,4.12,broken clouds
71,Eldorado,BR,-23.7869,-54.2836,70.23,95,19,5.28,few clouds
72,Kodiak,US,57.79,-152.4072,39.2,60,1,19.57,clear sky
73,Todos Santos,MX,23.45,-110.2167,62.01,79,0,4.0,clear sky
74,El Reno,US,35.5323,-97.955,46.99,100,90,17.27,mist
75,Atar,MR,20.5169,-13.0499,64.44,23,51,8.48,broken clouds
76,Severo-Kurilsk,RU,50.6789,156.125,19.02,91,86,24.76,overcast clouds
77,Hilo,US,19.7297,-155.09,71.6,83,40,8.05,moderate rain
78,Lasa,IT,46.6166,10.7002,27.0,100,41,4.54,scattered clouds
79,Iqaluit,CA,63.7506,-68.5145,6.8,78,1,17.27,clear sky
80,Hermanus,ZA,-34.4187,19.2345,61.0,69,23,5.01,few clouds
81,Castro,BR,-24.7911,-50.0119,63.05,96,100,5.97,heavy intensity rain
82,Victoria,HK,22.2855,114.1577,66.0,81,27,1.01,scattered clouds
83,Port-Cartier,CA,50.0334,-66.8654,34.0,69,100,14.97,overcast clouds
84,Tasiilaq,GL,65.6145,-37.6368,12.2,52,64,3.44,broken clouds
85,Namibe,AO,-15.1961,12.1522,75.0,72,100,5.99,light rain
86,Chokurdakh,RU,70.6333,147.9167,-34.87,83,100,8.21,overcast clouds
87,Barrow,US,71.2906,-156.7887,1.4,78,1,18.41,haze
88,Ostrovnoy,RU,68.0531,39.5131,0.5,91,80,11.41,broken clouds
89,Avera,US,33.194,-82.5271,45.0,65,75,4.61,broken clouds
90,Upernavik,GL,72.7868,-56.1549,20.19,83,100,6.89,overcast clouds
91,Haines Junction,CA,60.7522,-137.5108,8.6,92,100,2.82,overcast clouds
92,Mitchell,US,43.7094,-98.0298,21.2,100,90,3.89,mist
93,Maryville,US,35.7565,-83.9705,37.4,41,90,9.22,overcast clouds
94,Puerto Ayora,EC,-0.7393,-90.3518,75.99,94,42,1.99,scattered clouds
95,Hualmay,PE,-11.0964,-77.6139,71.82,74,88,6.87,overcast clouds
96,Novikovo,RU,51.1537,37.8879,34.74,96,100,8.72,overcast clouds
97,Korsakov,RU,46.6328,142.7813,32.0,69,75,6.71,broken clouds
98,Beloha,MG,-25.1667,45.05,78.84,80,15,10.11,few clouds
99,Srednekolymsk,RU,67.45,153.6833,-26.57,85,100,9.57,overcast clouds
100,Provideniya,RU,64.3833,-173.3,6.69,83,1,2.3,clear sky
101,Mar Del Plata,AR,-38.0023,-57.5575,75.99,88,0,5.75,clear sky
102,Chuy,UY,-33.6971,-53.4616,69.8,96,3,5.32,clear sky
103,Lavrentiya,RU,65.5833,-171.0,-1.53,85,91,5.61,overcast clouds
104,Codrington,AU,-38.2667,141.9667,100.31,15,100,6.96,light rain
105,Pacific Grove,US,36.6177,-121.9166,51.01,81,75,4.61,broken clouds
106,Ierapetra,GR,35.01,25.7353,60.01,57,9,16.37,clear sky
107,Norrtalje,SE,59.758,18.705,37.99,90,100,1.01,overcast clouds
108,Tuktoyaktuk,CA,69.4541,-133.0374,-22.0,76,1,11.5,clear sky
109,Barabai,ID,-2.5833,115.3833,87.75,58,99,2.33,overcast clouds
110,Dubbo,AU,-32.25,148.6167,98.6,23,47,8.05,scattered clouds
111,Georgetown,MY,5.4112,100.3354,86.0,66,20,6.91,few clouds
112,Lukulu,ZM,-14.3707,23.242,63.88,98,96,4.38,light rain
113,Guatire,VE,10.4762,-66.5427,84.2,84,75,3.44,broken clouds
114,Westport,US,41.1415,-73.3579,23.0,57,0,15.9,clear sky
115,Tiksi,RU,71.6872,128.8694,-41.33,79,56,5.12,broken clouds
116,Lompoc,US,34.6391,-120.4579,48.2,81,40,4.61,scattered clouds
117,Asau,RO,46.4333,26.4,35.01,67,100,4.59,overcast clouds
118,Yulara,AU,-25.2406,130.9889,91.4,49,75,23.02,broken clouds
119,Ha Tinh,VN,18.3333,105.9,71.82,72,32,3.74,scattered clouds
120,Sao Joao Da Barra,BR,-21.6403,-41.0511,74.89,85,30,9.06,scattered clouds
121,Aksarka,RU,66.5606,67.7975,-40.36,80,20,4.92,few clouds
122,Vardo,NO,70.3705,31.1107,19.89,95,100,27.94,overcast clouds
123,Presidencia Roque Saenz Pena,AR,-26.7852,-60.4388,75.99,93,75,4.76,broken clouds
124,Dorfen,DE,48.2667,12.15,34.0,86,0,10.36,clear sky
125,Husavik,IS,66.0449,-17.3389,28.4,93,90,14.97,snow
126,Ambon,ID,-3.6954,128.1814,78.8,83,40,9.22,heavy intensity rain
127,Tautira,PF,-17.7333,-149.15,82.4,61,40,3.44,scattered clouds
128,Pangkalanbuun,ID,-2.6833,111.6167,92.95,50,82,2.77,broken clouds
129,Kruisfontein,ZA,-34.0033,24.7314,64.0,91,100,1.99,overcast clouds
130,Koutiala,ML,12.3917,-5.4642,63.93,25,8,7.92,clear sky
131,Cayenne,GF,4.9333,-52.3333,75.2,100,75,1.14,broken clouds
132,Hobart,AU,-42.8794,147.3294,89.01,47,40,14.97,scattered clouds
133,Dalmeny,CA,52.3334,-106.7679,-22.0,69,20,6.91,few clouds
134,Bassano,CA,50.7834,-112.4685,1.99,85,100,10.36,overcast clouds
135,Cherskiy,RU,68.75,161.3,-25.35,86,100,5.64,overcast clouds
136,Mastic Beach,US,40.7668,-72.8521,24.8,42,1,12.66,clear sky
137,El Vigia,VE,8.6219,-71.6506,75.51,72,69,2.86,broken clouds
138,Touba,CI,8.2833,-7.6833,68.05,25,0,2.01,clear sky
139,Khatanga,RU,71.9667,102.5,-24.84,85,100,11.21,overcast clouds
140,Hithadhoo,MV,-0.6,73.0833,81.63,71,72,4.52,broken clouds
141,Cidreira,BR,-30.1811,-50.2056,75.65,83,0,16.89,clear sky
142,Norman Wells,CA,65.282,-126.8329,-14.8,84,90,3.44,overcast clouds
143,Lorengau,PG,-2.0226,147.2712,85.55,62,81,3.02,broken clouds
144,Vila Velha,BR,-20.3297,-40.2925,73.4,88,20,4.61,few clouds
145,Saskylakh,RU,71.9167,114.0833,-34.69,81,24,6.35,few clouds
146,Cabo San Lucas,MX,22.8909,-109.9124,64.99,91,10,8.23,clear sky
147,Vicuna,CL,-30.0319,-70.7081,62.6,82,0,4.61,clear sky
148,Luderitz,NA,-26.6481,15.1594,69.37,59,92,25.64,light rain
149,Lentekhi,GE,42.7856,42.7261,32.4,70,0,7.4,clear sky
150,Klaksvik,FO,62.2266,-6.589,35.6,87,100,9.22,light rain
151,Viedma,AR,-40.8135,-62.9967,67.98,64,63,21.27,broken clouds
152,San Patricio,US,28.017,-97.5169,69.8,100,90,4.61,fog
153,Dikson,RU,73.5069,80.5464,-16.38,90,78,7.85,broken clouds
154,Fushun,CN,41.8558,123.9233,39.2,52,99,4.47,smoke
155,Huarmey,PE,-10.0681,-78.1522,71.46,78,93,5.88,overcast clouds
156,Key West,US,24.5557,-81.7826,69.01,94,1,4.61,clear sky
157,Wukari,NG,7.85,9.7833,69.75,24,99,5.5,overcast clouds
158,Pevek,RU,69.7008,170.3133,-19.01,88,97,4.5,overcast clouds
159,Katsuura,JP,35.1333,140.3,46.99,93,75,20.71,light rain
160,Geraldton,AU,-28.7667,114.6,77.0,53,14,13.8,few clouds
161,Mwinilunga,ZM,-11.7358,24.4293,62.4,97,100,2.55,light rain
162,Bredasdorp,ZA,-34.5322,20.0403,55.4,82,29,5.75,scattered clouds
163,Bathsheba,BB,13.2167,-59.5167,77.0,73,40,12.66,scattered clouds
164,Reconquista,AR,-29.15,-59.65,78.3,70,0,5.17,clear sky
165,Yabelo,ET,4.8833,38.0833,57.58,70,91,9.51,overcast clouds
166,Bambous Virieux,MU,-20.3428,57.7575,84.0,83,40,6.49,scattered clouds
167,Lebu,CL,-37.6167,-73.65,57.27,86,0,17.0,clear sky
168,Plouzane,FR,48.3833,-4.6167,44.6,87,40,11.5,scattered clouds
169,La Palma,US,33.8464,-118.0467,48.2,81,90,5.75,heavy intensity rain
170,Nanortalik,GL,60.1432,-45.2371,22.12,88,0,9.62,clear sky
171,Artyom,AZ,40.4723,50.333,32.0,93,0,6.91,clear sky
172,Danilovka,RU,50.3557,44.1168,32.83,95,100,10.49,snow
173,Shimoda,JP,34.6667,138.95,46.4,87,75,33.38,broken clouds
174,Balkanabat,TM,39.5108,54.3671,33.78,79,93,5.14,overcast clouds
175,Buckeye,US,33.3703,-112.5838,52.0,76,74,2.42,broken clouds
176,Ekhabi,RU,53.5102,142.9671,-7.02,85,100,12.64,overcast clouds
177,Qaanaaq,GL,77.484,-69.3632,11.88,77,69,1.48,broken clouds
178,Moerai,PF,-22.4333,-151.3333,81.09,72,23,10.04,few clouds
179,Puerto Escondido,MX,15.85,-97.0667,76.59,75,100,2.59,overcast clouds
180,Cooma,AU,-36.2333,149.1333,91.4,12,0,11.5,clear sky
181,Talcahuano,CL,-36.7167,-73.1167,59.0,94,90,5.75,overcast clouds
182,Sorland,NO,67.667,12.6934,26.64,93,44,12.48,scattered clouds
183,Serenje,ZM,-13.2325,30.2352,62.28,96,100,9.44,light rain
184,Tierra Colorada,MX,17.1667,-99.5833,74.61,83,100,0.72,overcast clouds
185,Hamilton,US,39.1834,-84.5333,28.0,68,1,4.61,clear sky
186,Karratha,AU,-20.7377,116.8463,95.4,31,81,16.44,broken clouds
187,Price,US,39.5994,-110.8107,21.2,86,1,10.36,clear sky
188,Chimbote,PE,-9.0853,-78.5783,71.37,77,98,4.99,overcast clouds
189,Radhanpur,IN,23.8333,71.6,66.16,25,0,6.93,clear sky
190,La Ronge,CA,55.1001,-105.2842,-27.4,68,0,2.59,clear sky
191,Qujing,CN,25.4833,103.7833,58.21,54,53,20.11,broken clouds
192,Harper,LR,4.375,-7.7169,77.36,87,3,5.12,clear sky
193,Cockburn Town,TC,21.4612,-71.1419,77.47,70,0,8.1,clear sky
194,Sinop,TR,41.7711,34.8709,37.89,71,100,15.21,overcast clouds
195,Sabha,LY,27.0377,14.4283,46.29,49,0,3.4,clear sky
196,Northam,GB,51.0333,-4.2167,37.0,92,100,8.01,moderate rain
197,Fortuna,US,40.5982,-124.1573,46.99,93,90,5.75,overcast clouds
198,Bethel,US,41.3712,-73.414,21.2,45,1,4.61,clear sky
199,Vilyuysk,RU,63.7553,121.6247,-49.68,76,57,4.65,broken clouds
200,Basti,IN,26.8,82.7167,63.73,57,0,4.29,clear sky
201,Lienz,AT,46.8289,12.769,25.0,92,66,3.2,broken clouds
202,Valenca,BR,-13.3703,-39.0731,72.12,89,100,2.24,overcast clouds
203,Aklavik,CA,68.2191,-135.0107,-16.6,76,87,8.05,overcast clouds
204,Luorong,CN,24.4058,109.6086,73.67,43,56,5.06,broken clouds
205,Taoudenni,ML,22.6783,-3.9836,61.3,27,0,9.44,clear sky
206,Kaspiysk,RU,42.8816,47.6392,30.2,86,8,6.71,clear sky
207,Lahij,YE,13.1667,44.5833,66.18,77,56,6.08,broken clouds
208,Asuncion Nochixtlan,MX,17.4667,-97.2333,52.5,78,100,1.74,overcast clouds
209,Beyneu,KZ,45.3167,55.2,34.02,92,100,9.1,overcast clouds
210,Esperance,AU,-33.8667,121.9,73.4,53,90,9.22,overcast clouds
211,Seoul,KR,37.5683,126.9778,53.6,43,0,4.61,clear sky
212,Namatanai,PG,-3.6667,152.4333,86.34,58,81,5.95,broken clouds
213,Necochea,AR,-38.5473,-58.7368,75.99,71,1,10.0,clear sky
214,Zhezkazgan,KZ,47.8043,67.7144,-14.8,76,40,2.24,mist
215,Port Hardy,CA,50.6996,-127.4199,39.2,81,90,11.5,light snow
216,Bourail,NC,-21.5667,165.4833,82.49,69,100,9.62,overcast clouds
217,Port Blair,IN,11.6667,92.75,80.92,60,7,10.54,clear sky
218,North Bend,US,43.4065,-124.2243,45.0,81,1,5.75,clear sky
219,Kolyvan,RU,55.3053,82.7391,-23.8,69,40,4.47,scattered clouds
220,Arkul,RU,57.2808,50.044,22.82,98,100,6.2,light snow
221,Faya,SA,18.3851,42.4509,46.4,45,2,1.23,clear sky
222,Kamina,CD,-8.7386,24.9906,62.67,99,100,3.15,overcast clouds
223,Wattegama,LK,6.7989,81.4808,80.6,83,40,10.36,scattered clouds
224,Oskarshamn,SE,57.2645,16.4484,28.0,96,92,1.01,overcast clouds
225,Nagaur,IN,27.2,73.7333,59.07,34,0,7.52,clear sky
226,Siderno,IT,38.2779,16.302,55.99,71,40,6.91,scattered clouds
227,Raudeberg,NO,61.9875,5.1352,37.0,80,97,17.85,overcast clouds
228,Touros,BR,-5.1989,-35.4608,77.0,83,40,4.61,scattered clouds
229,Hasaki,JP,35.7333,140.8333,45.0,100,75,17.27,light rain
230,East London,ZA,-33.0153,27.9116,68.0,83,20,16.11,light rain
231,Saint Anthony,US,45.0205,-93.218,19.0,79,90,9.22,snow
232,Hami,CN,42.8,93.45,24.69,83,94,9.46,overcast clouds
233,Pisco,PE,-13.7,-76.2167,71.6,73,0,6.91,clear sky
234,Vila Franca Do Campo,PT,37.7167,-25.4333,62.6,94,75,24.16,light rain
235,Stourbridge,GB,52.4561,-2.1432,30.0,93,93,6.06,overcast clouds
236,Gainesville,US,29.6516,-82.3248,55.99,82,90,5.75,overcast clouds
237,Khorixas,NA,-20.3667,14.9667,64.89,80,100,5.26,overcast clouds
238,Zaraza,VE,9.3503,-65.3245,74.16,87,100,3.87,overcast clouds
239,Muisne,EC,0.6,-80.0333,75.96,87,80,3.56,moderate rain
240,Bonavista,CA,48.6499,-53.1147,25.0,86,12,9.22,few clouds
241,Sawtell,AU,-30.3833,153.1,84.99,65,0,20.71,clear sky
242,Bellevue,US,47.6104,-122.2007,41.0,70,75,9.22,broken clouds
243,Hay River,CA,60.8156,-115.7999,-20.2,69,6,4.61,clear sky
244,Carnarvon,AU,-24.8667,113.6333,82.4,44,4,14.97,clear sky
245,Gazojak,TM,41.1875,61.4036,29.62,87,9,8.57,clear sky
246,Bengkulu,ID,-3.8004,102.2655,88.93,53,92,4.29,heavy intensity rain
247,Shaki,AZ,41.0833,47.1667,23.0,93,0,5.75,clear sky
248,Borodino,RU,55.9106,94.8983,2.95,90,82,7.02,broken clouds
249,Kungurtug,RU,50.5994,97.5228,3.85,88,100,0.81,overcast clouds
250,Soyo,AO,-6.1349,12.3689,78.37,83,100,4.14,light rain
251,Banjarmasin,ID,-3.3244,114.591,86.0,74,40,5.75,scattered clouds
252,Thompson,CA,55.7435,-97.8558,-14.8,76,90,9.22,light snow
253,Drayton Valley,CA,53.2168,-114.9854,-2.99,79,100,6.42,overcast clouds
254,Manzhouli,CN,49.6,117.4333,7.88,92,77,5.32,broken clouds
255,Lagoa,PT,39.05,-27.9833,61.47,91,97,28.54,overcast clouds
256,Biltine,TD,14.5333,20.9167,66.04,23,0,9.04,clear sky
257,Korla,CN,41.7597,86.1469,27.16,86,100,6.15,overcast clouds
258,Doctor Juan Leon Mallorquin,PY,-25.4,-55.2667,73.4,100,0,8.05,clear sky
259,Kita,ML,13.0349,-9.4895,63.7,26,4,4.72,clear sky
260,Qatana,SY,33.4354,36.0815,45.0,68,0,6.91,clear sky
261,Sauk Rapids,US,45.5919,-94.1661,17.6,79,90,9.22,light snow
262,Japura,ID,-0.3167,102.35,80.26,78,100,1.68,overcast clouds
263,Phalaborwa,ZA,-23.943,31.1411,73.4,100,100,11.5,moderate rain
264,Ancud,CL,-41.8697,-73.8203,53.01,71,0,16.11,clear sky
265,Gisborne,NZ,-38.6533,178.0042,82.0,46,18,5.99,light rain
266,Ballitoville,ZA,-29.539,31.2144,80.01,78,75,9.22,broken clouds
267,Ahuimanu,US,21.4447,-157.8378,78.01,73,75,14.97,light rain
268,Kuybysheve,UA,47.358,36.6491,38.52,94,95,12.59,light rain
269,Te Anau,NZ,-45.4167,167.7167,55.92,86,100,7.09,overcast clouds
270,Fare,PF,-16.7,-151.0167,81.3,71,17,12.08,light rain
271,Saint-Augustin,CA,51.226,-58.6502,23.95,98,100,5.35,light snow
272,Vanimo,PG,-2.6741,141.3028,86.81,62,100,6.4,overcast clouds
273,Mecca,SA,21.4267,39.8261,69.49,53,14,1.28,few clouds
274,Tazovskiy,RU,67.4667,78.7,-42.7,78,0,1.14,clear sky
275,Raga,SS,8.4596,25.678,64.15,28,97,3.98,overcast clouds
276,Manicore,BR,-5.8092,-61.3003,77.0,94,40,3.44,scattered clouds
277,Colares,PT,38.7992,-9.4469,55.99,100,100,13.65,overcast clouds
278,Arman,RU,59.7,150.1667,-10.82,80,98,10.0,overcast clouds
279,Aksu,CN,41.1231,80.2644,26.87,76,0,4.29,clear sky
280,Dunedin,NZ,-45.8742,170.5036,68.0,62,74,4.0,broken clouds
281,Kushima,JP,31.4583,131.2333,60.8,82,75,21.85,broken clouds
282,Yar-Sale,RU,66.8333,70.8333,-39.28,81,13,3.33,few clouds
283,Luanda,AO,-8.8368,13.2343,75.2,88,20,3.44,few clouds
284,Ponta Delgada,PT,37.7333,-25.6667,62.6,94,75,24.16,light rain
285,San Cristobal,VE,7.7669,-72.225,65.37,81,75,2.35,broken clouds
286,Miri,MY,4.4148,114.0089,84.2,79,40,6.91,scattered clouds
287,Leshukonskoye,RU,64.8989,45.7622,2.3,93,99,7.81,overcast clouds
288,Kulhudhuffushi,MV,6.6221,73.07,82.02,72,9,9.19,clear sky
289,Clyde River,CA,70.4692,-68.5914,-4.0,84,1,2.3,clear sky
290,Port Said,EG,31.2565,32.2841,51.8,93,0,2.3,clear sky
291,Kieta,PG,-6.2167,155.6333,85.37,58,19,7.81,few clouds
292,Ladozhskaya,RU,45.3081,39.935,35.01,93,0,4.47,clear sky
293,Labuan,MY,5.2767,115.2417,86.0,74,20,4.61,few clouds
294,Monchegorsk,RU,67.9397,32.8739,0.37,92,100,1.97,light snow
295,Byron Bay,AU,-28.65,153.6167,82.4,65,40,14.97,scattered clouds
296,Vao,NC,-22.6667,167.4833,75.69,80,100,24.38,overcast clouds
297,Itarema,BR,-2.9248,-39.9167,80.22,77,100,9.26,overcast clouds
298,Ponca City,US,36.707,-97.0856,48.2,71,90,10.36,overcast clouds
299,Zyryanovsk,KZ,49.7386,84.2719,5.79,93,100,1.36,light snow
300,Suntar,RU,62.1444,117.6319,-42.23,78,37,4.72,scattered clouds
301,Galt,US,38.2546,-121.3,46.0,86,0,3.06,clear sky
302,Borogontsy,RU,62.6683,131.1683,-50.13,74,100,4.88,overcast clouds
303,Fairbanks,US,64.8378,-147.7164,19.99,78,75,3.22,broken clouds
304,Qaqortoq,GL,60.7167,-46.0333,28.4,29,0,25.32,clear sky
305,Christchurch,NZ,-43.5333,172.6333,77.0,33,100,8.05,moderate rain
306,Sitka,US,57.0531,-135.33,35.6,93,90,5.75,mist
307,Havelock,US,34.8791,-76.9013,37.0,55,1,5.75,clear sky
308,Okhotsk,RU,59.3833,143.3,-10.28,81,100,10.45,overcast clouds
309,Standerton,ZA,-26.9337,29.2415,62.01,94,89,4.0,overcast clouds
310,Naron,ES,43.5167,-8.1528,51.01,93,75,8.05,broken clouds
311,Feltre,IT,46.0235,11.907,34.0,99,65,4.23,broken clouds
312,Lesnoye,RU,58.2841,35.5158,33.6,98,100,7.43,overcast clouds
313,Milkovo,RU,54.7167,158.6167,1.38,89,3,0.58,clear sky
314,Mahibadhoo,MV,3.7833,72.9667,83.26,68,67,9.51,broken clouds
315,Gori,GE,41.9842,44.1158,28.85,72,0,5.08,clear sky
316,San Quintin,MX,30.4833,-115.95,54.72,78,50,15.55,scattered clouds
317,Khirkiya,IN,22.1674,76.8605,73.47,28,0,3.56,clear sky
318,Praia,CV,14.9215,-23.5087,69.8,83,0,17.27,clear sky
319,Shubarkuduk,KZ,49.1447,56.4872,16.97,97,98,10.74,light snow
320,Portland,US,45.5234,-122.6762,42.01,74,83,1.01,broken clouds
321,Manggar,ID,-2.8833,108.2667,84.27,71,100,8.43,light rain
322,Akyab,MM,20.15,92.9,71.55,42,0,3.2,clear sky
323,Rothrist,CH,47.3051,7.892,33.01,86,100,4.25,overcast clouds
324,Pimentel,PE,-6.8367,-79.9342,71.55,80,99,12.57,overcast clouds
325,Vysokopillya,UA,47.4919,33.5306,42.8,81,0,13.42,clear sky
326,Ayan,RU,56.45,138.1667,-18.74,71,32,14.7,scattered clouds
327,Sena Madureira,BR,-9.0656,-68.6569,72.14,97,99,2.51,light rain
328,Marktredwitz,DE,50.005,12.0811,28.99,97,96,3.0,snow
329,Skelleftea,SE,64.7507,20.9528,10.4,85,90,5.75,overcast clouds
330,Half Moon Bay,US,37.4636,-122.4286,48.2,81,20,5.75,few clouds
331,Udachnyy,RU,66.4167,112.4,-37.62,79,52,3.36,broken clouds
332,Carnduff,CA,49.1667,-101.8009,-11.99,82,4,9.24,clear sky
333,Alta Floresta,BR,-9.8756,-56.0861,71.49,94,98,1.1,light rain
334,Cotonou,BJ,6.3654,2.4183,78.12,87,98,7.09,overcast clouds
335,Sesimbra,PT,38.4445,-9.1015,55.0,70,100,9.4,overcast clouds
336,Vilcun,CL,-38.65,-72.2333,55.4,100,75,2.3,broken clouds
337,Nuevo Progreso,MX,23.1667,-97.95,73.99,66,100,1.01,overcast clouds
338,Cape Girardeau,US,37.3834,-89.7168,41.0,38,90,10.36,overcast clouds
339,Kavaratti,IN,10.5669,72.642,81.32,73,60,10.67,broken clouds
340,Berlevag,NO,70.8578,29.0864,19.02,94,98,24.85,light snow
341,Atambua,ID,-9.1061,124.8925,81.01,76,99,6.76,moderate rain
342,Tucurui,BR,-3.7661,-49.6725,72.64,96,10,3.65,clear sky
343,Waddan,LY,29.1614,16.139,50.49,46,0,4.68,clear sky
344,Talnakh,RU,69.4865,88.3972,-35.84,64,45,2.17,scattered clouds
345,Kazachinskoye,RU,57.6953,93.2761,4.28,92,100,6.69,overcast clouds
346,Kropotkin,RU,45.4375,40.5756,35.01,83,0,6.4,clear sky
347,Itajobi,BR,-21.3181,-49.0544,78.8,50,40,9.22,light rain
348,Kyshtovka,RU,56.555,76.6271,-44.14,78,31,4.9,scattered clouds
349,Beringovskiy,RU,63.05,179.3167,-4.16,88,95,3.2,overcast clouds
350,Gilgit,PK,35.9221,74.3087,19.47,59,0,3.56,clear sky
351,Jacareacanga,BR,-6.2222,-57.7528,73.33,95,100,0.83,overcast clouds
352,Emba,KZ,48.8264,58.1442,9.46,95,98,10.0,overcast clouds
353,Batagay,RU,67.6333,134.6333,-41.51,78,99,0.51,overcast clouds
354,Harwich,GB,51.9419,1.2844,30.0,83,0,4.0,clear sky
355,Greytown,ZA,-29.0642,30.5928,63.23,85,0,1.57,clear sky
356,Ponta Do Sol,PT,32.6667,-17.1,59.0,78,100,3.0,overcast clouds
357,Biak,ID,-0.9131,122.8766,82.47,72,100,3.67,light rain
358,Hammerfest,NO,70.6634,23.6821,15.8,62,90,23.02,overcast clouds
359,Dzhebariki-Khaya,RU,62.2167,135.8,-41.85,77,100,2.71,overcast clouds
360,Umea,SE,63.8284,20.2597,15.8,92,90,6.91,overcast clouds
361,Fort Nelson,CA,58.8053,-122.7002,-2.2,78,90,6.91,light snow
362,Ketchikan,US,55.3422,-131.6461,33.8,100,90,3.44,moderate rain
363,Kavieng,PG,-2.5744,150.7967,85.37,63,71,5.57,broken clouds
364,Los Llanos De Aridane,ES,28.6585,-17.9182,62.6,77,20,9.22,few clouds
365,Chenzhou,CN,25.8,113.0333,70.56,39,0,0.63,clear sky
366,Port Lincoln,AU,-34.7333,135.8667,81.03,40,89,13.78,overcast clouds
367,Adrar,MR,20.5022,-10.0711,61.11,24,0,9.57,clear sky
368,Acarau,BR,-2.8856,-40.12,79.66,80,100,9.1,overcast clouds
369,Khoy,IR,38.5504,44.9535,8.67,84,0,1.54,clear sky
370,Mizan Teferi,ET,6.9833,35.5833,63.45,60,23,2.42,few clouds
371,Qasigiannguit,GL,68.8193,-51.1922,15.8,48,29,16.11,scattered clouds
372,Mahanoro,MG,-19.9,48.8,79.36,77,56,3.98,broken clouds
373,Southampton,GB,50.904,-1.4043,33.01,93,55,1.01,broken clouds
374,Parksepa,EE,57.9062,26.9836,39.0,93,90,6.91,overcast clouds
375,Margate,GB,51.3813,1.3862,34.0,81,25,1.01,scattered clouds
376,Maldonado,UY,-34.6667,-54.9167,75.0,83,0,11.5,clear sky
377,Paamiut,GL,61.994,-49.6678,19.83,80,0,9.4,clear sky
378,Troitsko-Pechorsk,RU,62.7084,56.1964,1.65,93,100,11.32,snow
379,Aleksandrov Gay,RU,50.147,48.5704,28.47,97,99,9.22,overcast clouds
380,Haysville,US,37.5645,-97.3523,44.6,81,90,12.66,overcast clouds
381,Quatre Cocos,MU,-20.2078,57.7625,84.0,83,40,8.25,scattered clouds
382,Monrovia,LR,6.3005,-10.7969,76.64,91,5,6.04,clear sky
383,Pudozh,RU,61.8099,36.5345,29.84,98,100,5.21,light snow
384,Kawalu,ID,-7.3817,108.2082,84.38,69,97,0.92,moderate rain
385,Tuatapere,NZ,-46.1333,167.6833,60.01,78,95,21.99,overcast clouds
386,Padang,ID,-0.9492,100.3543,89.6,55,20,4.61,few clouds
387,Douglas,US,41.3,-96.167,32.0,59,90,3.49,light snow
388,Rudnogorsk,RU,57.2639,103.7519,-10.08,90,90,2.04,overcast clouds
389,Sirawai,PH,7.5854,122.1407,84.11,69,100,6.08,overcast clouds
390,Viseu,PT,40.661,-7.9097,51.01,87,51,7.0,broken clouds
391,Sao Filipe,CV,14.8961,-24.4956,72.46,64,46,4.27,scattered clouds
392,Bilibino,RU,68.0546,166.4372,-34.06,80,49,1.59,scattered clouds
393,Bogovina,RS,43.895,21.9403,41.0,6,88,3.04,overcast clouds
394,Belyy Yar,RU,53.6039,91.3903,3.2,78,40,3.85,scattered clouds
395,Sabzevar,IR,36.2126,57.6819,17.6,86,75,0.43,broken clouds
396,Puerto Colombia,CO,10.9878,-74.9547,78.8,83,40,13.8,scattered clouds
397,Sur,OM,22.5667,59.5289,67.48,51,0,14.12,clear sky
398,Blackfoot,US,43.1905,-112.345,27.0,72,86,3.0,overcast clouds
399,Grindavik,IS,63.8424,-22.4338,30.2,74,40,25.32,scattered clouds
400,Sola,VU,-13.8833,167.55,86.0,84,75,5.75,broken clouds
401,Mahebourg,MU,-20.4081,57.7,78.8,83,40,7.52,scattered clouds
402,Babushkin,RU,51.7122,105.8647,12.22,93,100,7.76,light snow
403,Muhos,FI,64.808,25.9931,23.0,93,90,5.75,light snow
404,Rio Grande,BR,-32.035,-52.0986,73.0,89,84,9.66,broken clouds
405,Yarmouth,US,41.7057,-70.2286,24.01,45,1,12.66,clear sky
406,Dabakala,CI,8.3667,-4.4333,69.08,23,42,3.58,scattered clouds
407,Grand Gaube,MU,-20.0064,57.6608,84.0,69,4,4.0,clear sky
408,Ixtapa,MX,20.7,-105.2,69.01,94,1,1.32,clear sky
409,Port Hedland,AU,-20.3167,118.5667,102.2,24,92,18.41,overcast clouds
410,Mount Isa,AU,-20.7333,139.5,96.8,26,56,11.5,broken clouds
411,Constitucion,CL,-35.3333,-72.4167,58.66,86,18,1.45,few clouds
412,Nishihara,JP,26.1842,127.7558,68.0,60,40,17.27,scattered clouds
413,Shimanovsk,RU,52.0,127.7,-5.1,82,100,8.5,overcast clouds
414,Santa Maria,BR,-29.6842,-53.8069,75.2,88,0,8.05,clear sky
415,Guerrero Negro,MX,27.9769,-114.0611,57.78,73,24,8.9,few clouds
416,Khao Wong,TH,16.7001,104.0902,81.0,57,0,5.75,clear sky
417,Chambery,FR,45.5667,5.9333,39.0,93,90,2.3,overcast clouds
418,Saldanha,ZA,-33.0117,17.9442,59.0,67,0,8.05,clear sky
419,Berdigestyakh,RU,62.0989,126.6992,-46.37,75,78,5.57,broken clouds
420,San Lorenzo De El Escorial,ES,40.5914,-4.1474,51.01,63,80,5.01,broken clouds
421,The Valley,AI,18.217,-63.0578,77.0,83,40,4.61,scattered clouds
422,Sterling,US,39.0062,-77.4286,25.0,50,1,13.8,clear sky
423,Rio Gallegos,AR,-51.6226,-69.2181,51.8,50,0,5.75,clear sky
424,Chumikan,RU,54.7183,135.315,-5.42,79,62,13.18,broken clouds
425,Muravlenko,RU,63.7898,74.523,-46.12,78,15,6.04,few clouds
426,Rocha,UY,-34.4833,-54.3333,67.32,97,9,6.6,clear sky
427,Russell,US,32.3502,-85.1999,53.6,54,90,4.61,overcast clouds
428,Kendari,ID,-3.945,122.4989,83.62,72,100,0.13,light rain
429,Waingapu,ID,-9.6567,120.2641,85.42,65,100,4.09,heavy intensity rain
430,Faanui,PF,-16.4833,-151.75,81.28,74,0,12.5,clear sky
431,Evensk,RU,61.95,159.2333,-15.61,81,99,8.3,overcast clouds
432,Tessalit,ML,20.1986,1.0114,59.27,26,0,8.43,clear sky
433,Havoysund,NO,70.9963,24.6622,15.8,62,90,23.02,overcast clouds
434,Sosua,DO,19.7667,-70.5167,69.8,94,20,6.33,few clouds
435,Trairi,BR,-3.2778,-39.2689,78.01,83,100,11.18,overcast clouds
436,Nelson Bay,AU,-32.7167,152.15,100.0,26,24,9.22,few clouds
437,Neyshabur,IR,36.2133,58.7958,31.87,67,99,0.27,overcast clouds
438,Veraval,IN,20.9,70.3667,70.66,57,0,6.87,clear sky
439,Qui Nhon,VN,13.7667,109.2333,73.94,76,10,7.31,clear sky
440,Songwa,TZ,-3.5167,33.5167,65.89,90,93,5.17,overcast clouds
441,Adiake,CI,5.2863,-3.304,77.0,100,20,2.3,few clouds
442,Litovko,RU,49.2361,135.1742,11.46,88,100,6.31,overcast clouds
443,Verkhnevilyuysk,RU,63.4453,120.3167,-46.05,76,62,4.5,broken clouds
444,Kutum,SD,14.2,24.6667,52.57,40,20,4.07,few clouds
445,Ozernovskiy,RU,51.5,156.5167,20.73,94,100,21.65,light snow
446,Requena,ES,39.4883,-1.1004,66.2,52,20,28.77,few clouds
447,Kodinsk,RU,58.6881,99.1844,-11.97,88,100,2.77,overcast clouds
448,Pemangkat,ID,1.1667,108.9667,81.27,75,100,5.06,overcast clouds
449,Rigaud,CA,45.4793,-74.3024,5.0,72,48,5.01,scattered clouds
450,Oga,IT,46.4631,10.347,30.0,92,40,3.44,light snow
451,Isangel,VU,-19.55,169.2667,82.4,89,90,5.82,overcast clouds
452,Buchanan,LR,5.8808,-10.0467,77.09,88,2,4.9,clear sky
453,Voyvozh,RU,62.892,54.9635,-0.31,93,100,10.22,snow
454,Orel-Izumrud,RU,43.4583,39.9244,37.4,65,1,8.95,clear sky
455,The Pas,CA,53.8251,-101.2541,-14.8,76,1,10.36,clear sky
456,Clemson,US,34.6834,-82.8374,43.0,45,90,4.36,overcast clouds
457,Surt,LY,31.2089,16.5887,57.18,75,0,2.77,clear sky
458,Zyryanka,RU,65.75,150.85,-28.66,84,100,7.36,overcast clouds
459,Merritt Island,US,28.5392,-80.672,64.0,72,79,4.0,broken clouds
460,Zambezi,ZM,-13.5432,23.1047,64.94,97,100,5.77,light rain
461,Kosterevo,RU,55.9299,39.6144,33.31,97,100,5.28,overcast clouds
462,Tabira,BR,-7.5908,-37.5394,69.03,77,58,7.31,broken clouds
463,College,US,64.8569,-147.8028,19.99,78,75,2.68,broken clouds
464,Jiuquan,CN,39.7432,98.5174,24.13,80,97,1.92,overcast clouds
465,Khorramabad,IR,33.4878,48.3558,23.0,86,0,2.3,clear sky
466,Acari,PE,-15.4311,-74.6158,72.61,67,63,2.3,broken clouds
467,Taltal,CL,-25.4,-70.4833,64.94,74,0,1.54,clear sky
468,Inirida,CO,3.8653,-67.9239,73.89,94,100,1.79,overcast clouds
469,Nuuk,GL,64.1835,-51.7216,17.6,79,20,3.44,few clouds
470,Nangwa,TZ,-4.4667,35.45,55.15,100,100,5.28,overcast clouds
471,Dong Hoi,VN,17.4833,106.6,72.21,77,83,6.93,broken clouds
472,Narsaq,GL,60.9167,-46.05,28.4,29,0,25.32,clear sky
473,Statesville,US,35.7826,-80.8873,30.2,47,1,3.98,clear sky
474,Cody,US,44.5263,-109.0565,21.99,73,90,3.44,overcast clouds
475,Bar Bigha,IN,25.2167,85.7333,67.6,43,0,2.51,clear sky
476,Visby,SE,57.6409,18.296,36.0,18,100,1.01,overcast clouds
477,Eenhana,NA,-17.4667,16.3333,73.4,83,100,4.61,overcast clouds
478,Samarai,PG,-10.6167,150.6667,83.82,72,93,4.52,light rain
479,Pierre,US,44.3683,-100.351,21.0,93,1,8.05,clear sky
480,Mountain Home,US,43.133,-115.6912,28.4,74,1,2.04,clear sky
481,Pyay,MM,18.8167,95.2167,79.92,31,0,2.73,clear sky
482,Cabedelo,BR,-6.9811,-34.8339,75.2,94,0,3.44,clear sky
483,Kirakira,SB,-10.4544,161.9205,84.65,60,97,6.93,overcast clouds
484,Chapais,CA,49.7834,-74.8492,-0.4,78,90,10.36,light snow
485,Cookeville,US,36.1628,-85.5016,39.2,41,90,4.61,overcast clouds
486,Flin Flon,CA,54.7682,-101.865,-22.76,86,94,6.76,overcast clouds
487,Ocos,GT,14.5094,-92.1933,63.0,86,100,5.73,overcast clouds
488,Martapura,ID,-3.4167,114.85,86.0,74,40,5.75,scattered clouds
489,Bubaque,GW,11.2833,-15.8333,77.18,59,0,9.6,clear sky
490,Kalmar,SE,56.6616,16.3616,30.99,100,90,6.91,overcast clouds
491,Nueva Loja,EC,0.0847,-76.8828,70.65,98,100,1.23,moderate rain
492,Bonthe,SL,7.5264,-12.505,74.73,89,0,5.39,clear sky
493,Dingle,PH,10.9995,122.6711,84.87,69,100,5.21,light rain
494,Assiniboia,CA,49.6334,-105.9845,-2.2,78,97,6.91,overcast clouds
495,Laguna,US,38.421,-121.4238,48.0,76,1,4.61,clear sky
496,Alice Springs,AU,-23.7,133.8833,80.6,65,90,6.91,overcast clouds
497,Kabalo,CD,-6.05,26.9167,68.68,95,100,1.39,overcast clouds
498,Stillwater,US,36.1156,-97.0584,48.0,87,90,13.8,overcast clouds
499,Rabo De Peixe,PT,37.8,-25.5833,62.6,94,75,24.16,light rain
500,Holbeach,GB,52.804,0.0144,28.99,90,45,6.26,scattered clouds
501,Hobyo,SO,5.3505,48.5268,77.45,66,82,23.15,broken clouds
502,Netivot,IL,31.4222,34.5886,48.0,50,0,1.99,clear sky
503,Anadyr,RU,64.75,177.4833,-18.0,76,24,11.18,few clouds
504,Kavalerovo,RU,44.2661,135.0572,35.02,81,0,3.94,clear sky
505,Itoman,JP,26.1247,127.6694,68.0,60,40,17.27,scattered clouds
506,Broome,US,42.2506,-75.833,19.0,79,90,13.8,light snow
507,Niquero,CU,20.0431,-77.5828,74.59,84,16,12.24,few clouds
508,Musoma,TZ,-1.5,33.8,68.0,94,40,5.64,scattered clouds
509,Takoradi,GH,4.8845,-1.7554,76.71,86,97,5.14,overcast clouds
510,Caravelas,BR,-17.7125,-39.2481,73.4,86,27,2.28,scattered clouds
511,Aberdeen,GB,57.1437,-2.0981,28.0,86,78,6.91,broken clouds
512,Beauvais,FR,49.4167,2.0,30.2,93,0,5.75,clear sky
513,Sinnamary,GF,5.3833,-52.95,77.32,89,100,11.74,overcast clouds
514,Richards Bay,ZA,-28.783,32.0377,78.71,76,0,7.49,clear sky
515,Muroto,JP,33.2833,134.15,51.8,76,75,17.27,broken clouds
516,Baglung,NP,28.2719,83.5898,63.9,36,0,2.71,clear sky
517,Salinas,US,36.6777,-121.6555,50.0,87,1,6.91,clear sky
518,Svetlyy,RU,54.675,20.1347,35.6,93,75,8.95,broken clouds
519,Am Timan,TD,11.0297,20.2827,66.09,26,56,5.14,broken clouds
520,Teya,RU,60.3778,92.6267,-11.24,87,100,1.77,overcast clouds
521,Koumac,NC,-20.5667,164.2833,83.12,73,93,10.47,overcast clouds
522,Dondo,MZ,-19.6094,34.7431,75.87,81,100,8.21,overcast clouds
523,Pangnirtung,CA,66.1451,-65.7125,15.53,80,69,2.44,broken clouds
524,Clovis,US,36.8252,-119.7029,46.4,76,40,3.44,scattered clouds
525,Alabel,PH,6.1018,125.2905,87.8,62,20,6.91,light rain
526,Loukhi,RU,66.0764,33.0381,15.73,97,100,2.19,light snow
527,Traralgon,AU,-38.1833,146.5333,97.0,24,94,1.99,overcast clouds
528,Oskemen,KZ,49.9565,82.6119,8.6,92,90,2.24,snow
529,Santa Cruz,BO,-17.8,-63.1667,71.6,94,75,3.44,broken clouds
530,Loja,EC,-3.9931,-79.2042,56.59,90,99,2.55,overcast clouds
531,Olafsvik,IS,64.8945,-23.7142,29.32,91,91,35.34,overcast clouds
532,Nome,US,64.5011,-165.4064,26.6,86,90,10.36,light snow
533,Caarapo,BR,-22.6342,-54.8222,69.42,97,97,5.86,overcast clouds
534,Jequie,BR,-13.8575,-40.0836,70.29,90,100,2.64,moderate rain
535,Sangar,RU,63.9242,127.4739,-51.9,75,88,3.87,overcast clouds
536,Cherkasskoye,RU,52.4333,47.2167,33.08,95,100,7.67,overcast clouds
537,Sumbe,AO,-11.2061,13.8437,74.1,80,100,3.65,overcast clouds
538,Barcelos,PT,41.5388,-8.6151,53.6,87,20,6.91,few clouds
539,Awbari,LY,26.5921,12.7805,46.47,48,0,2.57,clear sky
540,Krasnoselkup,RU,65.7,82.4667,-42.59,74,0,5.59,clear sky
541,Vestmannaeyjar,IS,63.4427,-20.2734,32.99,85,85,22.64,overcast clouds
542,Tiarei,PF,-17.5333,-149.3333,82.4,61,40,3.44,light rain
543,Dolinsk,RU,47.35,142.8,32.0,69,75,6.71,broken clouds
544,Alofi,NU,-19.0595,-169.9187,84.2,70,99,6.91,overcast clouds
545,Arcata,US,40.8665,-124.0828,46.99,81,90,9.71,overcast clouds
546,Coquimbo,CL,-29.9533,-71.3436,62.6,82,0,4.61,clear sky
547,Englewood,US,39.6478,-104.9878,28.99,80,90,5.75,overcast clouds
548,Hermosillo,MX,29.0667,-110.9667,61.0,88,20,4.9,few clouds
549,Acapulco,MX,16.8634,-99.8901,78.01,77,100,1.36,overcast clouds
550,Saint Simons,US,31.1352,-81.3901,53.6,76,90,9.22,overcast clouds
551,Clarence Town,AU,-32.5833,151.7833,100.0,26,0,9.22,clear sky
552,Male,MV,4.1748,73.5089,86.0,74,20,13.8,light rain
553,Imbituba,BR,-28.24,-48.6703,75.2,94,75,3.44,broken clouds
554,Ascension,US,30.2169,-90.9001,59.0,77,90,4.61,overcast clouds
555,Lillooet,CA,50.6856,-121.942,24.01,79,90,2.3,overcast clouds
556,Cantaura,VE,9.3057,-64.3584,74.48,80,77,10.89,broken clouds
557,Karpinsk,RU,59.7654,60.0085,-21.78,87,100,3.98,light snow
558,Bay City,US,43.5945,-83.8889,21.99,73,40,4.61,scattered clouds
559,Saint-Louis,SN,16.3333,-15.0,62.6,29,0,2.3,clear sky
560,Xining,CN,36.6167,101.7667,28.85,66,100,3.22,overcast clouds
561,Shingu,JP,33.7333,135.9833,51.8,93,75,9.22,broken clouds
562,Luganville,VU,-15.5333,167.1667,83.95,75,100,3.38,light rain
563,Aden,YE,12.7794,45.0367,75.2,70,43,19.86,scattered clouds
564,Shwebo,MM,22.5667,95.7,76.59,43,63,1.3,broken clouds
565,Iquique,CL,-20.2208,-70.1431,66.2,88,0,0.22,clear sky
566,Kloulklubed,PW,7.0419,134.2556,86.0,70,75,12.66,broken clouds
567,Birpur,IN,26.5167,87.0167,69.42,48,3,4.65,clear sky
568,Karsava,LV,56.7841,27.6883,36.5,95,100,12.19,overcast clouds
569,Kuala Pilah,MY,2.7389,102.2487,87.01,70,20,9.22,few clouds
570,Dawei,MM,14.0833,98.2,85.6,42,0,4.36,clear sky
571,Mayfield,US,36.7417,-88.6367,39.99,41,90,8.05,overcast clouds
572,Xiazhen,CN,34.8022,117.1117,46.18,53,97,7.49,overcast clouds
573,Verkh-Chebula,RU,56.0308,87.6218,-4.13,91,100,7.47,overcast clouds
574,Teknaf,BD,20.8624,92.3058,73.22,38,5,3.02,clear sky
575,Port Augusta,AU,-32.5,137.7667,109.0,9,100,19.57,overcast clouds
576,Prince Rupert,CA,54.3161,-130.3201,37.4,93,90,4.61,light rain
577,Lanquin,GT,15.5667,-89.9667,67.8,91,82,1.97,broken clouds
578,Yumen,CN,40.2833,97.2,22.62,80,100,24.32,light snow
579,Lazaro Cardenas,MX,17.9583,-102.2,75.11,83,91,2.44,overcast clouds
580,Mandera,KE,3.9366,41.867,75.47,60,2,9.13,clear sky
581,Tieli,CN,46.95,128.05,18.43,94,55,0.13,broken clouds
582,Krasnyy Oktyabr,RU,56.1167,38.8833,33.89,97,100,6.51,overcast clouds
583,Amboasary,MG,-25.0333,46.3833,78.8,100,75,13.8,broken clouds
584,San Ignacio,BZ,17.1561,-89.0714,73.99,94,0,6.91,clear sky
585,Sobolevo,RU,54.4299,31.8996,32.34,98,99,14.12,overcast clouds
586,Edd,ER,13.9297,41.6925,74.71,43,5,7.83,clear sky
587,Comodoro Rivadavia,AR,-45.8667,-67.5,57.2,67,0,6.91,clear sky
588,Qianan,CN,44.9932,124.0581,20.16,94,0,4.76,clear sky
589,Saint Paul,US,44.9444,-93.0933,19.0,93,90,8.05,snow
590,Madisonville,US,37.3281,-87.4989,37.99,35,90,5.75,overcast clouds
591,Yaan,NG,7.3833,8.5667,68.79,72,100,4.5,overcast clouds
592,Kenitra,MA,34.261,-6.5802,48.2,100,100,4.61,overcast clouds
593,Nacala,MZ,-14.5428,40.6728,78.17,88,100,6.15,overcast clouds
594,Zhangye,CN,38.9342,100.4517,25.43,77,100,7.7,overcast clouds
595,Golden,US,39.7555,-105.2211,28.0,68,43,9.22,light snow
596,Olga,RU,43.7444,135.2892,35.17,67,0,3.04,clear sky
597,Milas,TR,37.3164,27.7839,51.8,93,75,5.75,broken clouds
598,Sindou,BF,10.6667,-5.1667,66.81,22,8,6.38,clear sky
599,Verkh-Suetka,RU,53.3,80.05,-28.75,84,76,6.89,broken clouds
600,Jaisalmer,IN,26.9147,70.9181,59.34,31,0,8.43,clear sky
601,Alyangula,AU,-13.8483,136.4192,78.8,100,75,8.05,moderate rain
602,San Rafael,AR,-34.6177,-68.3301,82.56,27,0,10.36,clear sky
603,Makakilo City,US,21.3469,-158.0858,78.01,69,1,11.5,clear sky
604,Sarny,UA,51.338,26.6019,32.74,96,98,8.14,overcast clouds
605,Alepe,CI,5.5004,-3.6631,77.0,100,20,2.3,few clouds
606,Antofagasta,CL,-23.65,-70.4,66.2,77,90,8.05,overcast clouds
607,Bandarbeyla,SO,9.4942,50.8122,72.36,71,58,18.75,broken clouds
608,Tsybuliv,UA,49.0766,29.8461,39.97,95,100,16.04,overcast clouds
609,Saint-Pierre,RE,-21.3393,55.4781,86.0,62,75,4.61,broken clouds
610,Emborion,GR,40.4833,21.55,37.4,87,41,2.3,scattered clouds
611,Mugur-Aksy,RU,50.35,90.5,-2.38,84,100,4.72,light snow
612,Kaili,ID,-3.4626,120.2147,78.26,70,100,2.15,light rain
613,Smithers,CA,54.7804,-127.1743,15.8,79,90,3.44,light snow
614,Umm Kaddadah,SD,13.6017,26.6876,63.01,29,69,17.0,broken clouds
615,Redlands,US,34.0556,-117.1825,46.99,81,90,2.55,moderate rain
616,Prata,BR,-19.3072,-48.9242,71.1,75,51,5.95,broken clouds
617,Uray,RU,60.1247,64.7758,-31.95,84,95,5.91,overcast clouds
618,Esfarayen,IR,37.0765,57.5101,15.8,73,0,2.3,clear sky
619,Filingue,NE,14.3521,3.3168,63.97,25,6,10.4,clear sky
620,Matamoros,MX,25.5333,-103.25,71.6,26,40,3.65,scattered clouds
621,Innisfail,AU,-17.5333,146.0333,82.67,68,1,9.64,clear sky
622,Gorele,TR,41.0308,39.0031,41.0,60,0,9.33,clear sky
623,Santa Isabel Do Rio Negro,BR,-0.4139,-65.0192,72.86,97,64,0.49,light rain
624,San Ramon De La Nueva Oran,AR,-23.1322,-64.326,77.0,76,91,4.0,overcast clouds
625,Kidal,ML,18.4411,1.4078,59.65,26,0,11.32,clear sky
626,Walvis Bay,NA,-22.9575,14.5053,70.0,94,100,3.44,light rain
627,Marawi,PH,7.9986,124.2928,82.99,80,99,5.01,overcast clouds
628,Bilyayivka,UA,46.4832,30.2168,48.2,81,0,20.13,clear sky
629,Kysyl-Syr,RU,63.8986,122.7617,-50.39,75,54,4.65,broken clouds
630,Kunszentmarton,HU,46.8392,20.2888,39.99,100,0,11.5,clear sky
631,Maceio,BR,-9.6658,-35.7353,73.4,94,40,1.14,scattered clouds
632,Ulaanbaatar,MN,47.9077,106.8832,6.8,66,75,4.79,broken clouds
633,Arlit,NE,18.7369,7.3853,56.21,31,1,5.46,clear sky
634,Arys,KZ,42.4252,68.795,30.2,80,75,4.47,broken clouds
635,Tura,IN,25.5198,90.2201,71.24,41,85,2.1,overcast clouds
636,Carmen De Apicala,CO,4.1473,-74.7201,74.48,76,64,3.38,broken clouds
637,Synya,RU,65.3718,58.0387,-6.88,86,100,4.07,overcast clouds
638,Ambilobe,MG,-13.2,49.05,76.32,89,57,2.35,broken clouds
639,Mkushi,ZM,-13.6202,29.3939,63.63,93,100,7.49,overcast clouds
640,Nenjiang,CN,49.1833,125.2167,7.56,91,71,7.31,broken clouds
641,Randudongkal,ID,-7.0981,109.3243,82.62,72,100,4.92,overcast clouds
642,Angoram,PG,-4.0625,144.0661,88.21,63,100,5.12,light rain
643,Salinopolis,BR,-0.6136,-47.3561,79.52,84,90,11.12,light rain
644,Xingyi,CN,24.1877,102.817,61.34,50,17,14.12,few clouds
645,Meulaboh,ID,4.1363,96.1285,85.41,66,2,1.9,clear sky
646,Tommot,RU,58.9564,126.2925,-28.77,79,81,2.13,broken clouds
647,Sept-Iles,CA,50.2001,-66.3821,34.0,69,100,14.97,light rain
648,Bastrop,US,32.7562,-91.8724,46.99,87,90,5.14,overcast clouds
649,Tobol,KZ,52.6844,62.5794,-7.31,91,98,9.64,overcast clouds
650,Eloi Mendes,BR,-21.61,-45.5653,64.53,95,100,6.67,overcast clouds
651,Isla Mujeres,MX,21.2311,-86.731,78.01,78,20,6.91,few clouds
652,Balabac,PH,7.9868,117.0645,82.65,74,47,8.63,scattered clouds
653,Ukiah,US,39.1502,-123.2078,42.8,81,1,2.04,clear sky
654,Macau,MO,22.2006,113.5461,69.8,77,20,16.11,few clouds
655,Benguela,AO,-12.5763,13.4055,71.29,77,64,3.83,broken clouds
656,Leningradskiy,RU,69.3833,178.4167,-17.16,79,0,2.24,clear sky
657,Tafresh,IR,34.692,50.013,10.4,92,0,6.91,clear sky
658,Ortakoy,TR,38.7373,34.0387,28.4,69,0,13.8,clear sky
659,Kahului,US,20.8947,-156.47,77.0,61,40,19.57,scattered clouds
660,Barranca,PE,-10.75,-77.7667,70.18,84,79,5.06,broken clouds
661,Bose,IT,45.4612,8.0137,37.0,83,76,1.01,broken clouds
662,Searcy,US,35.2506,-91.7363,42.8,56,90,3.44,overcast clouds
663,Salalah,OM,17.0151,54.0924,68.0,34,0,13.8,clear sky
664,Niamey,NE,13.5137,2.1098,66.2,19,0,5.75,clear sky
665,Port-Gentil,GA,-0.7193,8.7815,80.49,77,99,8.97,overcast clouds
666,Saint-Joseph,RE,-21.3667,55.6167,86.0,62,75,4.61,light rain
667,Shelburne,CA,44.0787,-80.2041,21.2,92,90,5.12,light snow
668,Mata,PT,40.683,-7.4592,48.0,87,67,7.0,broken clouds
669,Victor Harbor,AU,-35.5667,138.6167,108.0,16,0,17.27,clear sky
670,Ca Mau,VN,9.1769,105.15,85.93,55,59,10.56,broken clouds
671,Abomsa,ET,9.9833,39.9833,58.8,41,89,0.74,overcast clouds
672,Mapiri,BO,-15.25,-68.1667,64.58,89,99,1.16,overcast clouds
673,Ulaangom,MN,49.9811,92.0667,5.36,92,100,2.04,overcast clouds
674,Anzio,IT,41.4853,12.6179,54.0,70,100,5.01,light rain
675,Iisaku,EE,59.1014,27.3081,35.44,98,100,14.74,overcast clouds
676,Belmonte,BR,-15.8631,-38.8828,73.4,88,40,3.44,scattered clouds
677,Forio,IT,40.7342,13.8646,55.99,76,92,4.0,overcast clouds
678,Inta,RU,66.0317,60.1659,-10.7,82,100,10.6,overcast clouds
679,Bahia Blanca,AR,-38.7196,-62.2724,87.08,26,11,5.19,few clouds
680,Ratnagiri,IN,16.9833,73.3,79.83,53,0,6.13,clear sky
681,Ferrol,ES,43.4832,-8.2369,51.01,80,100,7.0,overcast clouds
682,Havre-Saint-Pierre,CA,50.2334,-63.5986,33.8,86,90,14.97,overcast clouds
683,Lyubech,UA,51.7026,30.6569,34.93,97,100,13.82,overcast clouds
684,Danshui,CN,22.7984,114.4672,72.0,76,80,10.36,broken clouds
685,Kontagora,NG,10.3999,5.4695,69.73,21,51,7.27,broken clouds
